Report_Date,Sector,News_Volume,Score_Qwen,Reason_Qwen,Score_Llama,Reason_Llama,Score_Gemma,Reason_Gemma,Final_Daily_Score,Final_Outlook
2026-01-03,Healthcare,6,8.2,"The healthcare sector is experiencing strong momentum, driven by recent positive developments such as GH Research's stock surge following an IND update and Ardelyx's stock jump due to price hikes. Additionally, significant investments by major players like Daiichi Sankyo further bolster the bullish sentiment.",8.2,"The recent surge in healthcare stocks, driven by positive news from companies like GH Research and Ardelyx, indicates a bullish sentiment. The significant investments in cancer drug facilities by Daiichi Sankyo and the top stock picks from BofA and BTIG also support this outlook. However, it's essential to monitor the market closely as the recent news is still unfolding.",8.2,"Healthcare market sentiment is strongly bullish, driven by a flurry of positive news over the last two days. Key catalysts include significant stock jumps for GH Research and Ardelyx based on positive developments and analyst upgrades, alongside substantial investment from Daiichi Sankyo and favorable stock picks from Bank of America and BTIG. The time-weighted sentiment score of 0.78 further reinforces this positive momentum.",8.2,Bullish
2026-01-03,Basic Materials,8,7.8,"The market sentiment for Basic Materials started the week strongly, with positive performances across multiple global indices including the TSX and Portugal's PSI, driven by rebounds in sectors like precious metals and utilities. Despite some mixed signals from U.S. stocks, the overall momentum remains positive, indicating a bullish outlook for the sector.",6.5,"The Basic Materials sector is experiencing a positive trend, driven by recent news of a rebound in the precious metals sector and gains in technology, utilities, and basic materials. The sector's Time-Weighted Sentiment Score of 0.68 indicates a strong recent momentum. However, it's essential to monitor the sector's performance in the coming days to confirm this trend.",7.8,"The Basic Materials sector currently exhibits a bullish sentiment, supported by a strong time-weighted sentiment score of 0.68. Recent news indicates positive performance across multiple global markets, including gains in the TSX driven by precious metals and strong performance in Portugal's PSI index. The overall market momentum appears positive, suggesting potential for continued upward movement in the sector.",7.37,Bullish
2026-01-03,Utilities,9,8.3,"The utilities sector started the week strongly with positive momentum, particularly driven by NextEra Energy's reaffirmed financial outlook and subsequent stock rise. Despite some challenges faced by Equinor regarding the Empire Wind project, the overall market sentiment remains bullish, supported by broader market gains in Canada and positive performances in clean technology sectors.",7.2,"The Utilities sector is experiencing a positive momentum, driven by recent news of top hedge funds delivering big gains and NextEra Energy reaffirming its financial outlook. The sector is also supported by a rebound in the Clean Technology and Health sectors. However, the Equinor challenge to the Empire Wind project may pose a potential risk to the sector's growth.",5.8,"Current market sentiment for Utilities is leaning slightly positive, supported by a Time-Weighted Sentiment Score of 0.66. Recent news highlights NextEra Energy's reaffirmed financial outlook and a positive start to the year for the Canadian stock market, which includes Clean Technology. However, Equinor's challenge to the Empire Wind project introduces a degree of uncertainty, preventing a definitively bullish outlook.",7.11,Bullish
2026-01-03,Energy,14,5.8,"The energy sector shows mixed signals, with NextEra Energy's positive reaffirmation of its financial outlook being the most recent significant event. However, the majority of the recent news does not specifically target the energy sector, leading to an overall neutral sentiment. The time-weighted sentiment score of 0.47 reflects this balanced view without a clear bullish or bearish trend emerging.",6.8,"The recent news suggests a positive outlook for the Energy sector, driven by Bank of America's top 10 U.S. stock picks and Canaccord's optimistic prediction for Tesla. However, the overall sentiment is tempered by the relatively neutral tone of NextEra Energy's reaffirmed financial outlook and the mixed performance of the Canadian stock market. The recent news has shifted the sentiment towards a more positive direction, with a score of 6.8 out of 10.",7.8,"Current market sentiment for Energy is strongly bullish, driven by recent positive news. Key drivers include BofA's top stock picks (including energy-related companies), a positive outlook and stock price increase for NextEra Energy, and a broader positive performance in the Canadian stock market, particularly within the Clean Technology sector. The momentum appears to be positive heading into 2026.",6.79,Bullish
2026-01-03,Financials,12,5.8,"The market sentiment for 'Financials' is currently neutral, with mixed signals from recent news. While positive developments such as strong performances by top hedge funds and favorable outlooks from companies like NextEra Energy contribute positively, the overall impact is balanced by less impactful events like stock movements and personnel changes. There is no clear shift in sentiment over the past few days.",7.2,"The recent news of Bank of America's top 10 U.S. stock picks and strong performances in chip stocks like NVIDIA and Micron have driven a bullish sentiment in the Financials sector. Additionally, NextEra Energy's reaffirmation of its financial outlook has contributed to this positive outlook. However, the departure of Elliott's Jason Genrich may pose a slight concern, but it does not significantly impact the overall sentiment.",5.8,"Current market sentiment for Financials appears neutral, despite a time-weighted sentiment score of 0.17. Recent news is mixed: BofA's top picks and NextEra's reaffirmed outlook are positive, while the departure of a key Elliott partner introduces uncertainty. Hedge fund gains driven by AI provide a broader positive backdrop, but the overall picture lacks strong directional momentum.",6.26,Neutral
2026-01-03,Communication Services,4,5.8,"The market sentiment for Communication Services started the week with mixed signals, influenced by both positive and negative indicators. While Pinterest's stock saw an uptick due to potential acquisition rumors, the increase in short interest for Trump Media post-merger suggests investor skepticism. Overall, the sentiment remains neutral, reflecting a balanced view between bullish and bearish factors.",4.8,"The Communication Services sector is experiencing a bearish sentiment due to recent news of short interest surging in Trump Media and Elliott partner Jason Genrich leaving the hedge fund. The departure of a key partner and increasing short interest in a major player may indicate market concerns. However, the sector's overall performance is still influenced by the recent merger announcement and potential acquisition of Pinterest, which could shift the sentiment in the future.",7.2,"Current market sentiment for Communication Services leans bullish, primarily driven by recent positive news. The predicted OpenAI acquisition of Pinterest and the record highs in European tech shares strongly indicate investor optimism. While short interest in Trump Media is a negative factor, the overall momentum from the other headlines outweighs this concern.",5.93,Neutral
2026-01-03,Technology,8,5.8,"The technology sector started the week with mixed signals, with notable gains in chip stocks and quantum computing tools offset by declines in certain companies due to executive share disposals and rising short interest. Despite positive momentum in specific areas, overall market sentiment remains neutral, reflecting a balanced mix of bullish and bearish indicators.",4.8,"The recent news has shifted the sentiment to bearish due to the surge in short interest in Trump Media and the decline in BigBear.ai's stock. The launch of MicroCloud Hologram's quantum computing tool and the strong performances in chip stocks like NVIDIA and Micron are not enough to counterbalance the negative news. The overall sentiment remains cautious, with a slight lean towards bearishness.",5.8,"The technology sector currently presents a mixed sentiment, reflected in the Time-Weighted Sentiment Score of 0.21. Recent news shows both positive developments, such as MicroCloud Hologram's quantum computing tool launch and strong performance in chip stocks, alongside negative signals like executive share disposals at BigBear.ai and increased short interest in Trump Media, suggesting a cautious outlook.",5.47,Neutral
2026-01-03,Other,7,5.0,"The market sentiment for 'Other' remains relatively neutral, with recent news showing mixed performance across different markets and sectors. While Colombia's stock market saw a slight positive close, Brazil's market declined, indicating varied regional economic signals. The rejection of a copyright claim against Paramount and political developments do not significantly impact overall market momentum.",4.5,"The market sentiment for 'Other' has shifted bearish due to recent news of President Trump blocking HieFo's acquisition of Emcore's semiconductor assets and Brazil's stock market closing lower. The rejection of the copyright claim against Paramount's 'Top Gun: Maverick' and New York Mayor Mamdani's vow to enact a democratic socialist agenda also contributed to the bearish sentiment. However, the slight gain in Colombia's stock market was not enough to offset the negative news.",3.8,"Current market sentiment for 'Other' leans bearish, primarily driven by the recent news of President Trump blocking a significant acquisition due to national security concerns. While Colombia's market saw a slight gain, Brazil's market experienced a decline, outweighing the positive signal. The Time-Weighted Sentiment Score of 0.08 further reinforces a cautious outlook.",4.44,Neutral
2026-01-03,Industrials,8,2.8,"The Industrials sector started the week with negative momentum, primarily driven by geopolitical tensions and regulatory hurdles. The blocking of a significant chip deal due to national security concerns and legal challenges to major projects indicate ongoing operational risks. Despite some positive investment announcements, the overall sentiment remains bearish.",6.2,"The Industrials sector is experiencing a bearish sentiment due to recent news on national security and China-related concerns, as well as shrinking manufacturing in Europe. The recent news on Trump blocking a chip deal and Equinor challenging a US order to suspend its Empire Wind project have contributed to this negative sentiment. However, the Daiichi Sankyo investment in cancer drug facilities provides a slight counterbalance, but it is not enough to shift the overall sentiment.",4.2,"The Industrials sector currently exhibits a slightly bearish sentiment, driven primarily by recent negative catalysts. Trump's blocking of the chip deal introduces significant uncertainty and potential supply chain disruptions, while the European manufacturing slowdown and Equinor's legal challenge further dampen the outlook. The upcoming ISM Manufacturing PMI release will be a key indicator to watch for a potential shift in momentum.",4.38,Neutral
2026-01-03,Consumer Cyclical,8,3.5,"The recent news indicates a shift towards a bearish sentiment, particularly influenced by the resignation of Saks Global's CEO amid looming bankruptcy and the decline in Mexico's stock market. Despite positive remarks about Tesla's future prospects, these are outweighed by immediate concerns in the consumer cyclical sector.",4.8,"The recent news suggests a bearish sentiment for 'Consumer Cyclical' due to the potential bankruptcy of Saks Global and the decline in Mexico's stock market. However, the positive outlook for Tesla may provide some support, but it is not enough to counterbalance the negative news. The overall sentiment has shifted slightly bearish from the start of the week.",3.8,"Current market sentiment for Consumer Cyclicals is bearish, largely driven by recent negative news. Saks Global's CEO stepping down amidst looming bankruptcy significantly outweighs the positive outlook for Tesla from Canaccord. The overall trend appears weak, with the Mexican stock market also experiencing declines.",4.03,Neutral
